{
  "project_info": {
    "project_id": "coins-b5469",
    "project_number": "72919729951",
    "name": "coins"
  },
  "client": [
    {
      "client_info": {
        "mobilesdk_app_id": "1:72919729951:android:f36173e948059ccb",
        "client_id": "android:coins.hansung.way",
        "client_type": 1,
        "android_client_info": {
          "package_name": "coins.hansung.way",
          "certificate_hash": []
        }
      },
      "oauth_client": [],
      "api_key": [],
      "services": {
        "analytics_service": {
          "status": 1
        },
        "cloud_messaging_service": {
          "status": 2,
          "apns_config": []
        },
        "appinvite_service": {
          "status": 1,
          "other_platform_oauth_client": []
        },
        "google_signin_service": {
          "status": 1
        },
        "ads_service": {
          "status": 1
        }
      }
    }
  ],
  "client_info": [],
  "ARTIFACT_VERSION": "1"
}